<?xml version="1.0" encoding="UTF-8" ?>
<!DOCTYPE struts PUBLIC
        "-//Apache Software Foundation//DTD Struts Configuration 2.5//EN"
        "http://struts.apache.org/dtds/struts-2.5.dtd">
<struts>
    <package name="file" namespace="/" extends="struts-default">
        <action name="upload" class="com.file.Action.UploadAction" method="upload">
            <param name="savePath">upload/</param>
            <result name="success">/upSuc.jsp</result>
            <result name="input">/upload.jsp</result>
            <interceptor-ref name="defaultStack">
                <param name="fileUpload.maximumSize">1048576</param>
                <param name="fileUpload.allowedTypes">image/bmp,image/jpeg,image/gif,image/png</param>
            </interceptor-ref>
        </action>
    </package>
</struts>


