<?xml version="1.0" encoding="UTF-8" ?>
<!DOCTYPE struts PUBLIC
        "-//Apache Software Foundation//DTD Struts Configuration 2.5//EN"
        "http://struts.apache.org/dtds/struts-2.5.dtd">
<struts>
    <package name="file" namespace="/" extends="struts-default">
        <action name="reg" class="com.validate.Action.RegAndLoginAction" method="reg">
            <result name="success">/regSuc.jsp</result>
            <result name="input">/reg.jsp</result>
        </action>
    </package>
</struts>


