<?xml version="1.0" encoding="UTF-8" ?>
<!DOCTYPE struts PUBLIC
        "-//Apache Software Foundation//DTD Struts Configuration 2.5//EN"
        "http://struts.apache.org/dtds/struts-2.5.dtd">
<struts>
    <package name="default" namespace="/" extends="struts-default">
        <interceptors>
            <interceptor name="auth" class="com.intercepter.Intercepter.AuthIntercepter"/>
            <interceptor-stack name="authStack">
                <interceptor-ref name="auth"/>
                <interceptor-ref name="defaultStack"/>
            </interceptor-stack>
        </interceptors>

        <action name="login" class="com.intercepter.Action.LoginAction" method="login">
            <result name="success">/WEB-INF/main.jsp</result>
            <result name="login">/login.jsp</result>
        </action>

        <action name="main">
            <result>/WEB-INF/main.jsp</result>
            <result name="login">/login.jsp</result>
            <interceptor-ref name="authStack"/>
        </action>
    </package>
</struts>


